{
	"info": {
		"_postman_id": "43e64ef2-16bd-40b0-a165-3b2344eb158f",
		"name": "PERSONA API REQUEST",
		"schema": "https://schema.getpostman.com/json/collection/v2.1.0/collection.json"
	},
	"item": [
		{
			"name": "Personas",
			"item": [
				{
					"name": "GET ONE",
					"request": {
						"method": "GET",
						"header": [],
						"url": {
							"raw": "http://localhost:9000/api/v1/personas/1",
							"protocol": "http",
							"host": [
								"localhost"
							],
							"port": "9000",
							"path": [
								"api",
								"v1",
								"personas",
								"1"
							]
						}
					},
					"response": []
				},
				{
					"name": "GET ALL",
					"request": {
						"method": "GET",
						"header": [],
						"url": {
							"raw": "http://localhost:9000/api/v1/personas/all",
							"protocol": "http",
							"host": [
								"localhost"
							],
							"port": "9000",
							"path": [
								"api",
								"v1",
								"personas",
								"all"
							]
						}
					},
					"response": []
				},
				{
					"name": "GET ALL PAGED",
					"request": {
						"method": "GET",
						"header": [],
						"url": {
							"raw": "http://localhost:9000/api/v1/personas/paged?page=1&size=5&sort=nombre,desc",
							"protocol": "http",
							"host": [
								"localhost"
							],
							"port": "9000",
							"path": [
								"api",
								"v1",
								"personas",
								"paged"
							],
							"query": [
								{
									"key": "page",
									"value": "1"
								},
								{
									"key": "size",
									"value": "5"
								},
								{
									"key": "sort",
									"value": "nombre,desc"
								}
							]
						}
					},
					"response": []
				},
				{
					"name": "CREATE ",
					"request": {
						"method": "POST",
						"header": [
							{
								"key": "Content-Type",
								"value": "application/json",
								"type": "text"
							}
						],
						"body": {
							"mode": "raw",
							"raw": "{\r\n    \"nombre\": \"Lupe\",\r\n    \"apellido\": \"Guzmán\",\r\n    \"dni\": 45211745,\r\n    \"domicilio\": {\r\n        \"calle\": \"Misiones\",\r\n        \"numero\": 432,\r\n        \"localidad\": {\r\n            \"id\": 4,\r\n            \"denominacion\": \"Mendoza\"\r\n        }\r\n    },\r\n    \"libros\": []\r\n}"
						},
						"url": {
							"raw": "http://localhost:9000/api/v1/personas/",
							"protocol": "http",
							"host": [
								"localhost"
							],
							"port": "9000",
							"path": [
								"api",
								"v1",
								"personas",
								""
							]
						}
					},
					"response": []
				},
				{
					"name": "UPDATE",
					"request": {
						"method": "PUT",
						"header": [
							{
								"key": "Content-Type",
								"value": "application/json",
								"type": "text"
							}
						],
						"body": {
							"mode": "raw",
							"raw": "{\r\n    \"id\": 1,\r\n    \"nombre\": \"Paula\",\r\n    \"apellido\": \"Alcantara\",\r\n    \"dni\": 10745221,\r\n    \"domicilio\": {\r\n        \"id\": 1,\r\n        \"calle\": \"San Martín\",\r\n        \"numero\": 253,\r\n        \"localidad\": {\r\n            \"id\": 1,\r\n            \"denominacion\": \"Godoy Cruz\"\r\n        }\r\n    },\r\n    \"libros\": [\r\n        {\r\n            \"id\": 1,\r\n            \"titulo\": \"Los días del venado\",\r\n            \"fecha\": 2012,\r\n            \"genero\": \"Fantástico\",\r\n            \"paginas\": 329,\r\n            \"autores\": [\r\n                {\r\n                    \"id\": 2,\r\n                    \"nombre\": \"Liliana\",\r\n                    \"apellido\": \"Bodoc\",\r\n                    \"biografia\": \"Liliana Bodoc nació en Santa Fe, Argentina, en 1958. Desde los cinco años vivió en Mendoza, posteriormente en El Trapiche, pequeña localidad serrana a 40 km de la Ciudad de San Luis. Estudió Licenciatura en Letras en la Universidad de Cuyo y ejerció la docencia en colegios de la misma universidad.\"\r\n                }\r\n            ]\r\n        }\r\n    ]\r\n}"
						},
						"url": {
							"raw": "http://localhost:9000/api/v1/personas/1",
							"protocol": "http",
							"host": [
								"localhost"
							],
							"port": "9000",
							"path": [
								"api",
								"v1",
								"personas",
								"1"
							]
						}
					},
					"response": []
				},
				{
					"name": "DELETE",
					"request": {
						"method": "DELETE",
						"header": [],
						"url": {
							"raw": "http://localhost:9000/api/v1/personas/1",
							"protocol": "http",
							"host": [
								"localhost"
							],
							"port": "9000",
							"path": [
								"api",
								"v1",
								"personas",
								"1"
							]
						}
					},
					"response": []
				},
				{
					"name": "SEARCH",
					"request": {
						"method": "GET",
						"header": [],
						"url": {
							"raw": "http://localhost:9000/api/v1/personas/search?filtro=a",
							"protocol": "http",
							"host": [
								"localhost"
							],
							"port": "9000",
							"path": [
								"api",
								"v1",
								"personas",
								"search"
							],
							"query": [
								{
									"key": "filtro",
									"value": "a"
								}
							]
						}
					},
					"response": []
				},
				{
					"name": "SEARCH PAGED",
					"request": {
						"method": "GET",
						"header": [],
						"url": {
							"raw": "http://localhost:9000/api/v1/personas/searchPaged?filtro=Agustina&page=1&size=5&sort=id,desc",
							"protocol": "http",
							"host": [
								"localhost"
							],
							"port": "9000",
							"path": [
								"api",
								"v1",
								"personas",
								"searchPaged"
							],
							"query": [
								{
									"key": "filtro",
									"value": "Agustina"
								},
								{
									"key": "page",
									"value": "1"
								},
								{
									"key": "size",
									"value": "5"
								},
								{
									"key": "sort",
									"value": "id,desc"
								}
							]
						}
					},
					"response": []
				}
			],
			"protocolProfileBehavior": {}
		},
		{
			"name": "Autores",
			"item": [
				{
					"name": "GET ONE",
					"request": {
						"method": "GET",
						"header": [],
						"url": {
							"raw": "http://localhost:9000/api/v1/autores/1",
							"protocol": "http",
							"host": [
								"localhost"
							],
							"port": "9000",
							"path": [
								"api",
								"v1",
								"autores",
								"1"
							]
						}
					},
					"response": []
				},
				{
					"name": "GET ALL",
					"request": {
						"method": "GET",
						"header": [],
						"url": {
							"raw": "http://localhost:9000/api/v1/autores/",
							"protocol": "http",
							"host": [
								"localhost"
							],
							"port": "9000",
							"path": [
								"api",
								"v1",
								"autores",
								""
							]
						}
					},
					"response": []
				},
				{
					"name": "GET ALL PAGED",
					"request": {
						"method": "GET",
						"header": [],
						"url": {
							"raw": "http://localhost:9000/api/v1/autores/paged?page=0&size=5&sort=id,desc",
							"protocol": "http",
							"host": [
								"localhost"
							],
							"port": "9000",
							"path": [
								"api",
								"v1",
								"autores",
								"paged"
							],
							"query": [
								{
									"key": "page",
									"value": "0"
								},
								{
									"key": "size",
									"value": "5"
								},
								{
									"key": "sort",
									"value": "id,desc"
								}
							]
						}
					},
					"response": []
				},
				{
					"name": "CREATE ",
					"request": {
						"method": "POST",
						"header": [
							{
								"key": "Content-Type",
								"value": "application/json",
								"type": "text"
							}
						],
						"body": {
							"mode": "raw",
							"raw": "{\r\n    \"nombre\": \"Liliana\",\r\n    \"apellido\": \"Bodoc\",\r\n    \"biografia\": \"Liliana Bodoc nació en Santa Fe, Argentina, en 1958. Desde los cinco años vivió en Mendoza, posteriormente en El Trapiche, pequeña localidad serrana a 40 km de la Ciudad de San Luis. Estudió Licenciatura en Letras en la Universidad de Cuyo y ejerció la docencia en colegios de la misma universidad.\"\r\n}"
						},
						"url": {
							"raw": "http://localhost:9000/api/v1/autores/",
							"protocol": "http",
							"host": [
								"localhost"
							],
							"port": "9000",
							"path": [
								"api",
								"v1",
								"autores",
								""
							]
						}
					},
					"response": []
				},
				{
					"name": "UPDATE",
					"request": {
						"method": "PUT",
						"header": [
							{
								"key": "Content-Type",
								"value": "application/json",
								"type": "text"
							}
						],
						"body": {
							"mode": "raw",
							"raw": "{\r\n    \"id\": 1,\r\n    \"nombre\": \"Liliana\",\r\n    \"apellido\": \"Bodoc\",\r\n    \"biografia\": \"Liliana Bodoc nació en Mendoza, Argentina, en 1958. Desde los cinco años vivió en Mendoza, posteriormente en El Trapiche, pequeña localidad serrana a 40 km de la Ciudad de San Luis. Estudió Licenciatura en Letras en la Universidad de Cuyo y ejerció la docencia en colegios de la misma universidad.\"\r\n}"
						},
						"url": {
							"raw": "http://localhost:9000/api/v1/autores/1",
							"protocol": "http",
							"host": [
								"localhost"
							],
							"port": "9000",
							"path": [
								"api",
								"v1",
								"autores",
								"1"
							]
						}
					},
					"response": []
				},
				{
					"name": "DELETE",
					"request": {
						"method": "DELETE",
						"header": [],
						"url": {
							"raw": "http://localhost:9000/api/v1/autores/1",
							"protocol": "http",
							"host": [
								"localhost"
							],
							"port": "9000",
							"path": [
								"api",
								"v1",
								"autores",
								"1"
							]
						}
					},
					"response": []
				}
			],
			"protocolProfileBehavior": {}
		},
		{
			"name": "Localidades",
			"item": [
				{
					"name": "GET ONE",
					"request": {
						"method": "GET",
						"header": [],
						"url": {
							"raw": "http://localhost:9000/api/v1/localidades/1",
							"protocol": "http",
							"host": [
								"localhost"
							],
							"port": "9000",
							"path": [
								"api",
								"v1",
								"localidades",
								"1"
							]
						}
					},
					"response": []
				},
				{
					"name": "GET ALL",
					"request": {
						"method": "GET",
						"header": [],
						"url": {
							"raw": "http://localhost:9000/api/v1/localidades/",
							"protocol": "http",
							"host": [
								"localhost"
							],
							"port": "9000",
							"path": [
								"api",
								"v1",
								"localidades",
								""
							]
						}
					},
					"response": []
				},
				{
					"name": "CREATE ",
					"request": {
						"method": "POST",
						"header": [
							{
								"key": "Content-Type",
								"value": "application/json",
								"type": "text"
							}
						],
						"body": {
							"mode": "raw",
							"raw": "{\r\n    \"denominacion\": \"Las Heras\"\r\n}"
						},
						"url": {
							"raw": "http://localhost:9000/api/v1/localidades/",
							"protocol": "http",
							"host": [
								"localhost"
							],
							"port": "9000",
							"path": [
								"api",
								"v1",
								"localidades",
								""
							]
						}
					},
					"response": []
				},
				{
					"name": "UPDATE",
					"request": {
						"method": "PUT",
						"header": [
							{
								"key": "Content-Type",
								"value": "application/json",
								"type": "text"
							}
						],
						"body": {
							"mode": "raw",
							"raw": "{\r\n    \"id\": 1,\r\n    \"denominacion\": \"Godoy Cruz\"\r\n}"
						},
						"url": {
							"raw": "http://localhost:9000/api/v1/localidades/1",
							"protocol": "http",
							"host": [
								"localhost"
							],
							"port": "9000",
							"path": [
								"api",
								"v1",
								"localidades",
								"1"
							]
						}
					},
					"response": []
				},
				{
					"name": "DELETE",
					"request": {
						"method": "DELETE",
						"header": [],
						"url": {
							"raw": "http://localhost:9000/api/v1/localidades/2",
							"protocol": "http",
							"host": [
								"localhost"
							],
							"port": "9000",
							"path": [
								"api",
								"v1",
								"localidades",
								"2"
							]
						}
					},
					"response": []
				},
				{
					"name": "GET ALL PAGED",
					"request": {
						"method": "GET",
						"header": [],
						"url": {
							"raw": "http://localhost:9000/api/v1/localidades/paged?page=0&size=5&sort=id,desc",
							"protocol": "http",
							"host": [
								"localhost"
							],
							"port": "9000",
							"path": [
								"api",
								"v1",
								"localidades",
								"paged"
							],
							"query": [
								{
									"key": "page",
									"value": "0"
								},
								{
									"key": "size",
									"value": "5"
								},
								{
									"key": "sort",
									"value": "id,desc"
								}
							]
						}
					},
					"response": []
				}
			],
			"protocolProfileBehavior": {}
		}
	],
	"protocolProfileBehavior": {}
}